airline_id,name,airplane_id,number_of_seats,flight_no,airport_code,airport_name,city,state,airport_compliance
"	MD183	","	Air France	",Indi1550,450,8532,BOS,"	 San-Francisco-International	","	 San-Francisco	","	 CA	","	YES	"
"	MD183	","	Air France	",Indi1550,450,8532,BOS,"	 San-Francisco-International	","	 San-Francisco	","	 CA	","	YES	"
"	MD188	","	Air France	",Indi1550,923,8532,BOS,"	 San-Francisco-International	","	 San-Francisco	","	 CA	","	YES	"
"	MD186	","	Jetblue	",QAT7648,787,8352,BOS,"	 San-Francisco-International	","	 San-Francisco	","	 CA	","	YES	"
"	MD189	","	American	",QAT7648,10120,8352,BOS,"	 San-Francisco-International	","	 San-Francisco	","	 CA	","	YES	"
"	MD186	","	Jetblue	",QAT7648,787,5463,BOS,"	 San-Francisco-International	","	 San-Francisco	","	 CA	","	YES	"
"	MD189	","	American	",QAT7648,10120,5463,BOS,"	 San-Francisco-International	","	 San-Francisco	","	 CA	","	YES	"
"	MD183	","	Air France	",Indi1550,450,8532,BOS,"	 San-Francisco-International	","	 San-Francisco	","	 CA	","	YES	"
"	MD183	","	Air France	",Indi1550,450,8532,BOS,"	 San-Francisco-International	","	 San-Francisco	","	 CA	","	YES	"
"	MD188	","	Air France	",Indi1550,923,8532,BOS,"	 San-Francisco-International	","	 San-Francisco	","	 CA	","	YES	"
"	MD183	","	Air France	",Indi1550,450,3467,BOS,"	 San-Francisco-International	","	 San-Francisco	","	 CA	","	YES	"
"	MD183	","	Air France	",Indi1550,450,3467,BOS,"	 San-Francisco-International	","	 San-Francisco	","	 CA	","	YES	"
"	MD188	","	Air France	",Indi1550,923,3467,BOS,"	 San-Francisco-International	","	 San-Francisco	","	 CA	","	YES	"
"	MD183	","	Air France	",Indi1550,450,3467,BOS,"	 San-Francisco-International	","	 San-Francisco	","	 CA	","	YES	"
"	MD183	","	Air France	",Indi1550,450,3467,BOS,"	 San-Francisco-International	","	 San-Francisco	","	 CA	","	YES	"
"	MD188	","	Air France	",Indi1550,923,3467,BOS,"	 San-Francisco-International	","	 San-Francisco	","	 CA	","	YES	"
"	MD186	","	Jetblue	",QAT7648,787,2456,BOS,"	 San-Francisco-International	","	 San-Francisco	","	 CA	","	YES	"
"	MD189	","	American	",QAT7648,10120,2456,BOS,"	 San-Francisco-International	","	 San-Francisco	","	 CA	","	YES	"
"	MD186	","	Jetblue	",QAT7648,787,4546,BOS,"	 San-Francisco-International	","	 San-Francisco	","	 CA	","	YES	"
"	MD189	","	American	",QAT7648,10120,4546,BOS,"	 San-Francisco-International	","	 San-Francisco	","	 CA	","	YES	"
"	MD186	","	Jetblue	",QAT7648,787,4546,BOS,"	 San-Francisco-International	","	 San-Francisco	","	 CA	","	YES	"
"	MD189	","	American	",QAT7648,10120,4546,BOS,"	 San-Francisco-International	","	 San-Francisco	","	 CA	","	YES	"
"	MD186	","	Jetblue	",QAT7648,787,4546,BOS,"	 San-Francisco-International	","	 San-Francisco	","	 CA	","	YES	"
"	MD189	","	American	",QAT7648,10120,4546,BOS,"	 San-Francisco-International	","	 San-Francisco	","	 CA	","	YES	"
"	MD183	","	Air France	",Indi1550,450,3745,BOS,"	 San-Francisco-International	","	 San-Francisco	","	 CA	","	YES	"
"	MD183	","	Air France	",Indi1550,450,3745,BOS,"	 San-Francisco-International	","	 San-Francisco	","	 CA	","	YES	"
"	MD188	","	Air France	",Indi1550,923,3745,BOS,"	 San-Francisco-International	","	 San-Francisco	","	 CA	","	YES	"
"	MD183	","	Air France	",Indi1550,450,3745,BOS,"	 San-Francisco-International	","	 San-Francisco	","	 CA	","	YES	"
"	MD183	","	Air France	",Indi1550,450,3745,BOS,"	 San-Francisco-International	","	 San-Francisco	","	 CA	","	YES	"
"	MD188	","	Air France	",Indi1550,923,3745,BOS,"	 San-Francisco-International	","	 San-Francisco	","	 CA	","	YES	"
"	MD190	","	United	",AIR2850,11550,4389,OAK,"	 Oakland-International	","	 Oakland	","	 CA	","	YES	"
"	MD183	","	Air France	",Indi1550,450,9087,LAS,"	 McCarren-International	","	 Las-Vegas	","	 NV	","	NO	"
"	MD183	","	Air France	",Indi1550,450,9087,LAS,"	 McCarren-International	","	 Las-Vegas	","	 NV	","	NO	"
"	MD188	","	Air France	",Indi1550,923,9087,LAS,"	 McCarren-International	","	 Las-Vegas	","	 NV	","	NO	"
"	MD186	","	Jetblue	",QAT7648,787,4546,HNL,"	 Honolulu-International	","	 Honolulu	","	 HI	","	YES	"
"	MD189	","	American	",QAT7648,10120,4546,HNL,"	 Honolulu-International	","	 Honolulu	","	 HI	","	YES	"
"	MD186	","	Jetblue	",QAT7648,787,2456,MSY,"	 Louis-Armstrong	","	 New-Orleans	","	 LA	","	YES	"
"	MD189	","	American	",QAT7648,10120,2456,MSY,"	 Louis-Armstrong	","	 New-Orleans	","	 LA	","	YES	"
"	MD183	","	Air France	",Indi1550,450,3467,ORD,"	 Chicago-OHare-International	","	 Chicago	","	 IL	","	NO	"
"	MD183	","	Air France	",Indi1550,450,3467,ORD,"	 Chicago-OHare-International	","	 Chicago	","	 IL	","	NO	"
"	MD188	","	Air France	",Indi1550,923,3467,ORD,"	 Chicago-OHare-International	","	 Chicago	","	 IL	","	NO	"
"	MD184	","	American	",AIR3786,545,7426,MDW,"	 Midway	","	 Chicago	","	 IL	","	NO	"
